,CLEBI,PGSUS,THYAO
CLEBI,1.0,0.49426146417523437,0.5093054564880575
PGSUS,0.49426146417523437,1.0,0.78466435541921
THYAO,0.5093054564880575,0.78466435541921,1.0
